company_code,fiscal_year,accounting_document,gl_account,reference_document,cost_center,profit_center,transaction_currency,amount_in_transaction_currency,company_code_currency,amount_in_company_code_currency,posting_date,document_date,accounting_document_type,accounting_document_item,assignment_reference,last_change_date_time,customer,financial_account_type,clearing_date,clearing_accounting_document,clearing_doc_fiscal_year
ABCD,2025,9400000220,15500020,90504219,,ABC001,INR,897.03,INR,897.03,2025-04-02 00:00:00+00:00,2025-04-02 00:00:00+00:00,RV,1,,2025-07-24 11:43:59+00:00,320000083,D,2025-04-02 00:00:00+00:00,9400635977.0,2025
ABCD,2025,9400000226,15500020,90504225,,ABC001,INR,897.0,INR,897.0,2025-04-02 00:00:00+00:00,2025-04-02 00:00:00+00:00,RV,1,,2025-07-24 11:43:59+00:00,320000083,D,2025-04-02 00:00:00+00:00,9400635973.0,2025
ABCD,2025,9400000231,15500020,90504230,,ABC001,INR,897.03,INR,897.03,2025-04-02 00:00:00+00:00,2025-04-02 00:00:00+00:00,RV,1,,2025-07-24 11:43:59+00:00,320000083,D,2025-04-02 00:00:00+00:00,9400635969.0,2025
ABCD,2025,9400000238,15500020,90504237,,ABC001,INR,597.0,INR,597.0,2025-04-02 00:00:00+00:00,2025-04-02 00:00:00+00:00,RV,1,,2025-07-24 11:43:59+00:00,320000083,D,2025-04-02 00:00:00+00:00,9400635964.0,2025
ABCD,2025,9400000239,15500020,90504238,,ABC001,INR,1017.03,INR,1017.03,2025-04-02 00:00:00+00:00,2025-04-02 00:00:00+00:00,RV,1,,2025-07-24 11:43:59+00:00,320000083,D,2025-04-02 00:00:00+00:00,9400635963.0,2025
ABCD,2025,9400000240,15500020,90504239,,ABC001,INR,897.03,INR,897.03,2025-04-02 00:00:00+00:00,2025-04-02 00:00:00+00:00,RV,1,,2025-07-24 11:43:59+00:00,320000083,D,2025-04-02 00:00:00+00:00,9400635962.0,2025
ABCD,2025,9400000243,15500020,90504242,,ABC001,INR,536.97,INR,536.97,2025-04-02 00:00:00+00:00,2025-04-02 00:00:00+00:00,RV,1,,2025-07-24 11:43:59+00:00,320000083,D,2025-04-02 00:00:00+00:00,9400635960.0,2025
ABCD,2025,9400000246,15500020,90504245,,ABC001,INR,1167.0,INR,1167.0,2025-04-02 00:00:00+00:00,2025-04-02 00:00:00+00:00,RV,1,,2025-07-24 11:43:59+00:00,320000083,D,2025-04-02 00:00:00+00:00,9400635958.0,2025
ABCD,2025,9400000247,15500020,90504246,,ABC001,INR,783.03,INR,783.03,2025-04-02 00:00:00+00:00,2025-04-02 00:00:00+00:00,RV,1,,2025-07-24 11:43:59+00:00,320000083,D,2025-04-02 00:00:00+00:00,9400635957.0,2025
ABCD,2025,9400000249,15500020,90504248,,ABC001,INR,765.0,INR,765.0,2025-04-02 00:00:00+00:00,2025-04-02 00:00:00+00:00,RV,1,,2025-04-03 11:32:07+00:00,320000083,D,,,0
ABCD,2025,9400000268,15500020,90504267,,ABC001,INR,1194.03,INR,1194.03,2025-04-02 00:00:00+00:00,2025-04-02 00:00:00+00:00,RV,1,,2025-07-24 11:43:59+00:00,320000083,D,2025-04-02 00:00:00+00:00,9400635943.0,2025
ABCD,2025,9400000270,15500020,90504269,,ABC001,INR,678.03,INR,678.03,2025-04-02 00:00:00+00:00,2025-04-02 00:00:00+00:00,RV,1,,2025-07-24 11:43:59+00:00,320000083,D,2025-04-02 00:00:00+00:00,9400635942.0,2025
ABCD,2025,9400000271,15500020,90504270,,ABC001,INR,1614.0,INR,1614.0,2025-04-02 00:00:00+00:00,2025-04-02 00:00:00+00:00,RV,1,,2025-07-24 11:43:59+00:00,320000083,D,2025-04-02 00:00:00+00:00,9400635941.0,2025
ABCD,2025,9400000272,15500020,90504272,,ABC001,INR,1494.0,INR,1494.0,2025-04-02 00:00:00+00:00,2025-04-02 00:00:00+00:00,RV,1,,2025-07-24 11:43:59+00:00,320000083,D,2025-04-02 00:00:00+00:00,9400635940.0,2025
ABCD,2025,9400000274,15500020,90504273,,ABC001,INR,1493.97,INR,1493.97,2025-04-02 00:00:00+00:00,2025-04-02 00:00:00+00:00,RV,1,,2025-07-24 11:43:59+00:00,320000083,D,2025-04-02 00:00:00+00:00,9400635939.0,2025
ABCD,2025,9400000275,15500020,90504274,,ABC001,INR,897.03,INR,897.03,2025-04-02 00:00:00+00:00,2025-04-02 00:00:00+00:00,RV,1,,2025-07-24 11:43:59+00:00,320000083,D,2025-04-02 00:00:00+00:00,9400635938.0,2025
ABCD,2025,9400000277,15500020,90504276,,ABC001,INR,761.97,INR,761.97,2025-04-02 00:00:00+00:00,2025-04-02 00:00:00+00:00,RV,1,,2025-07-24 11:43:59+00:00,320000083,D,2025-04-02 00:00:00+00:00,9400635937.0,2025
ABCD,2025,9400000281,15500020,90504280,,ABC001,INR,761.97,INR,761.97,2025-04-02 00:00:00+00:00,2025-04-02 00:00:00+00:00,RV,1,,2025-07-24 11:43:59+00:00,320000083,D,2025-04-02 00:00:00+00:00,9400635934.0,2025
ABCD,2025,9400000284,15500020,90504283,,ABC001,INR,1644.03,INR,1644.03,2025-04-02 00:00:00+00:00,2025-04-02 00:00:00+00:00,RV,1,,2025-07-24 11:43:59+00:00,320000083,D,2025-04-02 00:00:00+00:00,9400635932.0,2025
ABCD,2025,9400000285,15500020,90504284,,ABC001,INR,1644.03,INR,1644.03,2025-04-02 00:00:00+00:00,2025-04-02 00:00:00+00:00,RV,1,,2025-07-24 11:43:59+00:00,320000083,D,2025-04-02 00:00:00+00:00,9400635931.0,2025
ABCD,2025,9400000286,15500020,90504285,,ABC001,INR,1644.03,INR,1644.03,2025-04-02 00:00:00+00:00,2025-04-02 00:00:00+00:00,RV,1,,2025-07-24 11:43:59+00:00,320000083,D,2025-04-02 00:00:00+00:00,9400635930.0,2025
ABCD,2025,9400000287,15500020,90504286,,ABC001,INR,1644.03,INR,1644.03,2025-04-02 00:00:00+00:00,2025-04-02 00:00:00+00:00,RV,1,,2025-07-24 11:43:59+00:00,320000083,D,2025-04-02 00:00:00+00:00,9400635929.0,2025
ABCD,2025,9400000289,15500020,90504288,,ABC001,INR,729.0,INR,729.0,2025-04-02 00:00:00+00:00,2025-04-02 00:00:00+00:00,RV,1,,2025-07-24 11:43:59+00:00,320000083,D,2025-04-02 00:00:00+00:00,9400635928.0,2025
ABCD,2025,9400000290,15500020,90504289,,ABC001,INR,765.0,INR,765.0,2025-04-02 00:00:00+00:00,2025-04-02 00:00:00+00:00,RV,1,,2025-07-24 11:43:59+00:00,320000083,D,2025-04-02 00:00:00+00:00,9400635927.0,2025
ABCD,2025,9400000291,15500020,90504290,,ABC001,INR,765.0,INR,765.0,2025-04-02 00:00:00+00:00,2025-04-02 00:00:00+00:00,RV,1,,2025-07-24 11:43:59+00:00,320000083,D,2025-04-02 00:00:00+00:00,9400635926.0,2025
ABCD,2025,9400000293,15500020,90504292,,ABC001,INR,1494.0,INR,1494.0,2025-04-02 00:00:00+00:00,2025-04-02 00:00:00+00:00,RV,1,,2025-07-24 11:43:59+00:00,320000083,D,2025-04-02 00:00:00+00:00,9400635925.0,2025
ABCD,2025,9400000294,15500020,90504293,,ABC001,INR,1644.03,INR,1644.03,2025-04-02 00:00:00+00:00,2025-04-02 00:00:00+00:00,RV,1,,2025-07-24 11:43:59+00:00,320000083,D,2025-04-02 00:00:00+00:00,9400635924.0,2025
ABCD,2025,9400000296,15500020,90504295,,ABC001,INR,1644.03,INR,1644.03,2025-04-02 00:00:00+00:00,2025-04-02 00:00:00+00:00,RV,1,,2025-07-24 11:43:59+00:00,320000083,D,2025-04-02 00:00:00+00:00,9400635923.0,2025
ABCD,2025,9400000298,15500020,90504297,,ABC001,INR,761.97,INR,761.97,2025-04-02 00:00:00+00:00,2025-04-02 00:00:00+00:00,RV,1,,2025-07-24 11:43:59+00:00,320000083,D,2025-04-02 00:00:00+00:00,9400635921.0,2025
ABCD,2025,9400000299,15500020,90504298,,ABC001,INR,1886.97,INR,1886.97,2025-04-02 00:00:00+00:00,2025-04-02 00:00:00+00:00,RV,1,,2025-07-24 11:43:59+00:00,320000083,D,2025-04-02 00:00:00+00:00,9400635920.0,2025
ABCD,2025,9400000301,15500020,90504300,,ABC001,INR,1644.03,INR,1644.03,2025-04-02 00:00:00+00:00,2025-04-02 00:00:00+00:00,RV,1,,2025-07-24 11:43:59+00:00,320000083,D,2025-04-02 00:00:00+00:00,9400635919.0,2025
ABCD,2025,9400123662,15500020,90628265,,ABC001,INR,870.48,INR,870.48,2025-04-30 00:00:00+00:00,2025-04-30 00:00:00+00:00,RV,1,,2025-05-09 07:21:47+00:00,320000082,D,,,0
ABCD,2025,9400123663,15500020,90628266,,ABC001,INR,1019.16,INR,1019.16,2025-04-30 00:00:00+00:00,2025-04-30 00:00:00+00:00,RV,1,,2025-05-09 07:21:47+00:00,320000082,D,,,0
ABCD,2025,9400172473,15500020,90678696,,ABC001,INR,591.18,INR,591.18,2025-05-16 00:00:00+00:00,2025-05-16 00:00:00+00:00,RV,1,,2025-07-24 11:43:59+00:00,320000082,D,2025-05-16 00:00:00+00:00,9400635861.0,2025
ABCD,2025,9400172475,15500020,90678698,,ABC001,INR,1355.46,INR,1355.46,2025-05-16 00:00:00+00:00,2025-05-16 00:00:00+00:00,RV,1,,2025-07-24 11:43:59+00:00,320000082,D,2025-05-16 00:00:00+00:00,9400635859.0,2025
ABCD,2025,9400172476,15500020,90678699,,ABC001,INR,633.66,INR,633.66,2025-05-16 00:00:00+00:00,2025-05-16 00:00:00+00:00,RV,1,,2025-07-24 11:43:59+00:00,320000082,D,2025-05-16 00:00:00+00:00,9400635858.0,2025
ABCD,2025,9400172477,15500020,90678700,,ABC001,INR,870.48,INR,870.48,2025-05-16 00:00:00+00:00,2025-05-16 00:00:00+00:00,RV,1,,2025-07-24 11:43:59+00:00,320000082,D,2025-05-16 00:00:00+00:00,9400635857.0,2025
ABCD,2025,9400172478,15500020,90678701,,ABC001,INR,899.16,INR,899.16,2025-05-16 00:00:00+00:00,2025-05-16 00:00:00+00:00,RV,1,,2025-07-24 11:43:59+00:00,320000082,D,2025-05-16 00:00:00+00:00,9400635856.0,2025
ABCD,2025,9400172479,15500020,90678702,,ABC001,INR,1058.46,INR,1058.46,2025-05-16 00:00:00+00:00,2025-05-16 00:00:00+00:00,RV,1,,2025-07-24 11:43:59+00:00,320000082,D,2025-05-16 00:00:00+00:00,9400635855.0,2025
ABCD,2025,9400172480,15500020,90678703,,ABC001,INR,2088.42,INR,2088.42,2025-05-16 00:00:00+00:00,2025-05-16 00:00:00+00:00,RV,1,,2025-07-24 11:43:59+00:00,320000082,D,2025-05-16 00:00:00+00:00,9400635854.0,2025
ABCD,2025,9400635986,15500020,91150215,,ABC001,INR,-885.0,INR,-885.0,2025-04-02 00:00:00+00:00,2025-04-02 00:00:00+00:00,RV,1,,2025-07-24 11:43:59+00:00,320000083,D,2025-04-02 00:00:00+00:00,9400635986.0,2025
ABCD,2025,9400635987,15500020,91150216,,ABC001,INR,-783.03,INR,-783.03,2025-04-02 00:00:00+00:00,2025-04-02 00:00:00+00:00,RV,1,,2025-07-24 11:43:59+00:00,320000083,D,2025-04-02 00:00:00+00:00,9400635987.0,2025
ABCD,2025,9400635988,15500020,91150217,,ABC001,INR,-813.0,INR,-813.0,2025-04-02 00:00:00+00:00,2025-04-02 00:00:00+00:00,RV,1,,2025-07-24 11:43:59+00:00,320000083,D,2025-04-02 00:00:00+00:00,9400635988.0,2025
ABCD,2025,9400000205,15500020,90504204,,ABC001,INR,813.0,INR,813.0,2025-04-02 00:00:00+00:00,2025-04-02 00:00:00+00:00,RV,1,,2025-07-24 11:43:59+00:00,320000083,D,2025-04-02 00:00:00+00:00,9400635988.0,2025
ABCD,2025,9400000206,15500020,90504206,,ABC001,INR,783.03,INR,783.03,2025-04-02 00:00:00+00:00,2025-04-02 00:00:00+00:00,RV,1,,2025-07-24 11:43:59+00:00,320000083,D,2025-04-02 00:00:00+00:00,9400635987.0,2025
ABCD,2025,9400000208,15500020,90504207,,ABC001,INR,885.0,INR,885.0,2025-04-02 00:00:00+00:00,2025-04-02 00:00:00+00:00,RV,1,,2025-07-24 11:43:59+00:00,320000083,D,2025-04-02 00:00:00+00:00,9400635986.0,2025
ABCD,2025,9400000209,15500020,90504208,,ABC001,INR,882.0,INR,882.0,2025-04-02 00:00:00+00:00,2025-04-02 00:00:00+00:00,RV,1,,2025-07-24 11:43:59+00:00,320000083,D,2025-04-02 00:00:00+00:00,9400635985.0,2025
ABCD,2025,9400000211,15500020,90504210,,ABC001,INR,1287.0,INR,1287.0,2025-04-02 00:00:00+00:00,2025-04-02 00:00:00+00:00,RV,1,,2025-07-24 11:43:59+00:00,320000083,D,2025-04-02 00:00:00+00:00,9400635984.0,2025
ABCD,2025,9400000212,15500020,90504211,,ABC001,INR,1287.0,INR,1287.0,2025-04-02 00:00:00+00:00,2025-04-02 00:00:00+00:00,RV,1,,2025-07-24 11:43:59+00:00,320000083,D,2025-04-02 00:00:00+00:00,9400635983.0,2025
ABCD,2025,9400000213,15500020,90504212,,ABC001,INR,1287.0,INR,1287.0,2025-04-02 00:00:00+00:00,2025-04-02 00:00:00+00:00,RV,1,,2025-07-24 11:43:59+00:00,320000083,D,2025-04-02 00:00:00+00:00,9400635982.0,2025
ABCD,2025,9400000216,15500020,90504215,,ABC001,INR,1287.0,INR,1287.0,2025-04-02 00:00:00+00:00,2025-04-02 00:00:00+00:00,RV,1,,2025-07-24 11:43:59+00:00,320000083,D,2025-04-02 00:00:00+00:00,9400635980.0,2025
ABCD,2025,9400000218,15500020,90504217,,ABC001,INR,1287.0,INR,1287.0,2025-04-02 00:00:00+00:00,2025-04-02 00:00:00+00:00,RV,1,,2025-07-24 11:43:59+00:00,320000083,D,2025-04-02 00:00:00+00:00,9400635979.0,2025
ABCD,2025,9400000219,15500020,90504218,,ABC001,INR,1167.0,INR,1167.0,2025-04-02 00:00:00+00:00,2025-04-02 00:00:00+00:00,RV,1,,2025-07-24 11:43:59+00:00,320000083,D,2025-04-02 00:00:00+00:00,9400635978.0,2025
ABCD,2025,9400000222,15500020,90504221,,ABC001,INR,1287.0,INR,1287.0,2025-04-02 00:00:00+00:00,2025-04-02 00:00:00+00:00,RV,1,,2025-07-24 11:43:59+00:00,320000083,D,2025-04-02 00:00:00+00:00,9400635976.0,2025
ABCD,2025,9400000223,15500020,90504222,,ABC001,INR,1167.0,INR,1167.0,2025-04-02 00:00:00+00:00,2025-04-02 00:00:00+00:00,RV,1,,2025-07-24 11:43:59+00:00,320000083,D,2025-04-02 00:00:00+00:00,9400635975.0,2025
ABCD,2025,9400000224,15500020,90504223,,ABC001,INR,1287.0,INR,1287.0,2025-04-02 00:00:00+00:00,2025-04-02 00:00:00+00:00,RV,1,,2025-07-24 11:43:59+00:00,320000083,D,2025-04-02 00:00:00+00:00,9400635974.0,2025
ABCD,2025,9400000227,15500020,90504226,,ABC001,INR,761.97,INR,761.97,2025-04-02 00:00:00+00:00,2025-04-02 00:00:00+00:00,RV,1,,2025-07-24 11:43:59+00:00,320000083,D,2025-04-02 00:00:00+00:00,9400635972.0,2025
ABCD,2025,9400000228,15500020,90504227,,ABC001,INR,657.0,INR,657.0,2025-04-02 00:00:00+00:00,2025-04-02 00:00:00+00:00,RV,1,,2025-07-24 11:43:59+00:00,320000083,D,2025-04-02 00:00:00+00:00,9400635971.0,2025
ABCD,2025,9400000229,15500020,90504228,,ABC001,INR,1590.3,INR,1590.3,2025-04-02 00:00:00+00:00,2025-04-02 00:00:00+00:00,RV,1,,2025-07-24 11:43:59+00:00,320000083,D,2025-04-02 00:00:00+00:00,9400635970.0,2025
ABCD,2025,9400000232,15500020,90504231,,ABC001,INR,765.0,INR,765.0,2025-04-02 00:00:00+00:00,2025-04-02 00:00:00+00:00,RV,1,,2025-07-24 11:43:59+00:00,320000083,D,2025-04-02 00:00:00+00:00,9400635968.0,2025
ABCD,2025,9400000233,15500020,90504232,,ABC001,INR,636.0,INR,636.0,2025-04-02 00:00:00+00:00,2025-04-02 00:00:00+00:00,RV,1,,2025-07-24 11:43:59+00:00,320000083,D,2025-04-02 00:00:00+00:00,9400635967.0,2025
ABCD,2025,9400000235,15500020,90504234,,ABC001,INR,761.97,INR,761.97,2025-04-02 00:00:00+00:00,2025-04-02 00:00:00+00:00,RV,1,,2025-07-24 11:43:59+00:00,320000083,D,2025-04-02 00:00:00+00:00,9400635966.0,2025
ABCD,2025,9400000241,15500020,90504241,,ABC001,INR,638.4,INR,638.4,2025-04-02 00:00:00+00:00,2025-04-02 00:00:00+00:00,RV,1,,2025-07-24 11:43:59+00:00,320000083,D,2025-04-02 00:00:00+00:00,9400635961.0,2025
ABCD,2025,9400000244,15500020,90504243,,ABC001,INR,7199.1,INR,7199.1,2025-04-02 00:00:00+00:00,2025-04-02 00:00:00+00:00,RV,1,,2025-07-24 11:43:59+00:00,320000083,D,2025-04-02 00:00:00+00:00,9400635959.0,2025
ABCD,2025,9400000250,15500020,90504249,,ABC001,INR,1986.42,INR,1986.42,2025-04-02 00:00:00+00:00,2025-04-02 00:00:00+00:00,RV,1,,2025-07-24 11:43:59+00:00,320000083,D,2025-04-02 00:00:00+00:00,9400635956.0,2025
ABCD,2025,9400000278,15500020,90504277,,ABC001,INR,2983.95,INR,2983.95,2025-04-02 00:00:00+00:00,2025-04-02 00:00:00+00:00,RV,1,,2025-07-24 11:43:59+00:00,320000083,D,2025-04-02 00:00:00+00:00,9400635936.0,2025
ABCD,2025,9400000280,15500020,90504279,,ABC001,INR,1161.03,INR,1161.03,2025-04-02 00:00:00+00:00,2025-04-02 00:00:00+00:00,RV,1,,2025-07-24 11:43:59+00:00,320000083,D,2025-04-02 00:00:00+00:00,9400635935.0,2025
ABCD,2025,9400000282,15500020,90504281,,ABC001,INR,1677.03,INR,1677.03,2025-04-02 00:00:00+00:00,2025-04-02 00:00:00+00:00,RV,1,,2025-07-24 11:43:59+00:00,320000083,D,2025-04-02 00:00:00+00:00,9400635933.0,2025
ABCD,2025,9400000297,15500020,90504296,,ABC001,INR,2247.03,INR,2247.03,2025-04-02 00:00:00+00:00,2025-04-02 00:00:00+00:00,RV,1,,2025-07-24 11:43:59+00:00,320000083,D,2025-04-02 00:00:00+00:00,9400635922.0,2025
ABCD,2025,9400000302,15500020,90504301,,ABC001,INR,3864.03,INR,3864.03,2025-04-02 00:00:00+00:00,2025-04-02 00:00:00+00:00,RV,1,,2025-07-24 11:43:59+00:00,320000083,D,2025-04-02 00:00:00+00:00,9400635918.0,2025
ABCD,2025,9400635854,15500020,91150083,,ABC001,INR,-2088.42,INR,-2088.42,2025-05-16 00:00:00+00:00,2025-05-16 00:00:00+00:00,RV,1,,2025-07-24 11:43:59+00:00,320000082,D,2025-05-16 00:00:00+00:00,9400635854.0,2025
ABCD,2025,9400635855,15500020,91150084,,ABC001,INR,-1058.46,INR,-1058.46,2025-05-16 00:00:00+00:00,2025-05-16 00:00:00+00:00,RV,1,,2025-07-24 11:43:59+00:00,320000082,D,2025-05-16 00:00:00+00:00,9400635855.0,2025
ABCD,2025,9400635856,15500020,91150085,,ABC001,INR,-899.16,INR,-899.16,2025-05-16 00:00:00+00:00,2025-05-16 00:00:00+00:00,RV,1,,2025-07-24 11:43:59+00:00,320000082,D,2025-05-16 00:00:00+00:00,9400635856.0,2025
ABCD,2025,9400635857,15500020,91150086,,ABC001,INR,-870.48,INR,-870.48,2025-05-16 00:00:00+00:00,2025-05-16 00:00:00+00:00,RV,1,,2025-07-24 11:43:59+00:00,320000082,D,2025-05-16 00:00:00+00:00,9400635857.0,2025
ABCD,2025,9400635858,15500020,91150087,,ABC001,INR,-633.66,INR,-633.66,2025-05-16 00:00:00+00:00,2025-05-16 00:00:00+00:00,RV,1,,2025-07-24 11:43:59+00:00,320000082,D,2025-05-16 00:00:00+00:00,9400635858.0,2025
ABCD,2025,9400635859,15500020,91150088,,ABC001,INR,-1355.46,INR,-1355.46,2025-05-16 00:00:00+00:00,2025-05-16 00:00:00+00:00,RV,1,,2025-07-24 11:43:59+00:00,320000082,D,2025-05-16 00:00:00+00:00,9400635859.0,2025
ABCD,2025,9400635861,15500020,91150090,,ABC001,INR,-591.18,INR,-591.18,2025-05-16 00:00:00+00:00,2025-05-16 00:00:00+00:00,RV,1,,2025-07-24 11:43:59+00:00,320000082,D,2025-05-16 00:00:00+00:00,9400635861.0,2025
ABCD,2025,9400635918,15500020,91150147,,ABC001,INR,-3864.03,INR,-3864.03,2025-04-02 00:00:00+00:00,2025-04-02 00:00:00+00:00,RV,1,,2025-07-24 11:43:59+00:00,320000083,D,2025-04-02 00:00:00+00:00,9400635918.0,2025
ABCD,2025,9400635919,15500020,91150148,,ABC001,INR,-1644.03,INR,-1644.03,2025-04-02 00:00:00+00:00,2025-04-02 00:00:00+00:00,RV,1,,2025-07-24 11:43:59+00:00,320000083,D,2025-04-02 00:00:00+00:00,9400635919.0,2025
ABCD,2025,9400635920,15500020,91150149,,ABC001,INR,-1886.97,INR,-1886.97,2025-04-02 00:00:00+00:00,2025-04-02 00:00:00+00:00,RV,1,,2025-07-24 11:43:59+00:00,320000083,D,2025-04-02 00:00:00+00:00,9400635920.0,2025
ABCD,2025,9400635921,15500020,91150150,,ABC001,INR,-761.97,INR,-761.97,2025-04-02 00:00:00+00:00,2025-04-02 00:00:00+00:00,RV,1,,2025-07-24 11:43:59+00:00,320000083,D,2025-04-02 00:00:00+00:00,9400635921.0,2025
ABCD,2025,9400635922,15500020,91150151,,ABC001,INR,-2247.03,INR,-2247.03,2025-04-02 00:00:00+00:00,2025-04-02 00:00:00+00:00,RV,1,,2025-07-24 11:43:59+00:00,320000083,D,2025-04-02 00:00:00+00:00,9400635922.0,2025
ABCD,2025,9400635923,15500020,91150152,,ABC001,INR,-1644.03,INR,-1644.03,2025-04-02 00:00:00+00:00,2025-04-02 00:00:00+00:00,RV,1,,2025-07-24 11:43:59+00:00,320000083,D,2025-04-02 00:00:00+00:00,9400635923.0,2025
ABCD,2025,9400635946,15500020,91150175,,ABC001,INR,-1704.3,INR,-1704.3,2025-04-02 00:00:00+00:00,2025-04-02 00:00:00+00:00,RV,1,,2025-07-24 11:43:59+00:00,320000083,D,2025-04-02 00:00:00+00:00,9400635946.0,2025
ABCD,2025,9400635947,15500020,91150176,,ABC001,INR,-2986.77,INR,-2986.77,2025-04-02 00:00:00+00:00,2025-04-02 00:00:00+00:00,RV,1,,2025-07-24 11:43:59+00:00,320000083,D,2025-04-02 00:00:00+00:00,9400635947.0,2025
ABCD,2025,9400635948,15500020,91150177,,ABC001,INR,-1493.97,INR,-1493.97,2025-04-02 00:00:00+00:00,2025-04-02 00:00:00+00:00,RV,1,,2025-07-24 11:43:59+00:00,320000083,D,2025-04-02 00:00:00+00:00,9400635948.0,2025
ABCD,2025,9400635949,15500020,91150178,,ABC001,INR,-897.03,INR,-897.03,2025-04-02 00:00:00+00:00,2025-04-02 00:00:00+00:00,RV,1,,2025-07-24 11:43:59+00:00,320000083,D,2025-04-02 00:00:00+00:00,9400635949.0,2025
ABCD,2025,9400635950,15500020,91150179,,ABC001,INR,-1329.0,INR,-1329.0,2025-04-02 00:00:00+00:00,2025-04-02 00:00:00+00:00,RV,1,,2025-07-24 11:43:59+00:00,320000083,D,2025-04-02 00:00:00+00:00,9400635950.0,2025
ABCD,2025,9400635951,15500020,91150180,,ABC001,INR,-636.0,INR,-636.0,2025-04-02 00:00:00+00:00,2025-04-02 00:00:00+00:00,RV,1,,2025-07-24 11:43:59+00:00,320000083,D,2025-04-02 00:00:00+00:00,9400635951.0,2025
ABCD,2025,9400635952,15500020,91150181,,ABC001,INR,-1556.97,INR,-1556.97,2025-04-02 00:00:00+00:00,2025-04-02 00:00:00+00:00,RV,1,,2025-07-24 11:43:59+00:00,320000083,D,2025-04-02 00:00:00+00:00,9400635952.0,2025
ABCD,2025,9400635953,15500020,91150182,,ABC001,INR,-1556.97,INR,-1556.97,2025-04-02 00:00:00+00:00,2025-04-02 00:00:00+00:00,RV,1,,2025-07-24 11:43:59+00:00,320000083,D,2025-04-02 00:00:00+00:00,9400635953.0,2025
ABCD,2025,9400635954,15500020,91150183,,ABC001,INR,-1521.0,INR,-1521.0,2025-04-02 00:00:00+00:00,2025-04-02 00:00:00+00:00,RV,1,,2025-07-24 11:43:59+00:00,320000083,D,2025-04-02 00:00:00+00:00,9400635954.0,2025
ABCD,2025,9400635955,15500020,91150184,,ABC001,INR,-1497.0,INR,-1497.0,2025-04-02 00:00:00+00:00,2025-04-02 00:00:00+00:00,RV,1,,2025-07-24 11:43:59+00:00,320000083,D,2025-04-02 00:00:00+00:00,9400635955.0,2025
ABCD,2025,9400635956,15500020,91150185,,ABC001,INR,-1986.42,INR,-1986.42,2025-04-02 00:00:00+00:00,2025-04-02 00:00:00+00:00,RV,1,,2025-07-24 11:43:59+00:00,320000083,D,2025-04-02 00:00:00+00:00,9400635956.0,2025
ABCD,2025,9400635957,15500020,91150186,,ABC001,INR,-783.03,INR,-783.03,2025-04-02 00:00:00+00:00,2025-04-02 00:00:00+00:00,RV,1,,2025-07-24 11:43:59+00:00,320000083,D,2025-04-02 00:00:00+00:00,9400635957.0,2025
ABCD,2025,9400635958,15500020,91150187,,ABC001,INR,-1167.0,INR,-1167.0,2025-04-02 00:00:00+00:00,2025-04-02 00:00:00+00:00,RV,1,,2025-07-24 11:43:59+00:00,320000083,D,2025-04-02 00:00:00+00:00,9400635958.0,2025
ABCD,2025,9400635959,15500020,91150188,,ABC001,INR,-7199.1,INR,-7199.1,2025-04-02 00:00:00+00:00,2025-04-02 00:00:00+00:00,RV,1,,2025-07-24 11:43:59+00:00,320000083,D,2025-04-02 00:00:00+00:00,9400635959.0,2025
ABCD,2025,9400635960,15500020,91150189,,ABC001,INR,-536.97,INR,-536.97,2025-04-02 00:00:00+00:00,2025-04-02 00:00:00+00:00,RV,1,,2025-07-24 11:43:59+00:00,320000083,D,2025-04-02 00:00:00+00:00,9400635960.0,2025
ABCD,2025,9400635961,15500020,91150190,,ABC001,INR,-638.4,INR,-638.4,2025-04-02 00:00:00+00:00,2025-04-02 00:00:00+00:00,RV,1,,2025-07-24 11:43:59+00:00,320000083,D,2025-04-02 00:00:00+00:00,9400635961.0,2025
ABCD,2025,9400635962,15500020,91150191,,ABC001,INR,-897.03,INR,-897.03,2025-04-02 00:00:00+00:00,2025-04-02 00:00:00+00:00,RV,1,,2025-07-24 11:43:59+00:00,320000083,D,2025-04-02 00:00:00+00:00,9400635962.0,2025
ABCD,2025,9400635963,15500020,91150192,,ABC001,INR,-1017.03,INR,-1017.03,2025-04-02 00:00:00+00:00,2025-04-02 00:00:00+00:00,RV,1,,2025-07-24 11:43:59+00:00,320000083,D,2025-04-02 00:00:00+00:00,9400635963.0,2025
ABCD,2025,9400635964,15500020,91150193,,ABC001,INR,-597.0,INR,-597.0,2025-04-02 00:00:00+00:00,2025-04-02 00:00:00+00:00,RV,1,,2025-07-24 11:43:59+00:00,320000083,D,2025-04-02 00:00:00+00:00,9400635964.0,2025
ABCD,2025,9400635965,15500020,91150194,,ABC001,INR,-1100.1,INR,-1100.1,2025-04-02 00:00:00+00:00,2025-04-02 00:00:00+00:00,RV,1,,2025-07-24 11:43:59+00:00,320000083,D,2025-04-02 00:00:00+00:00,9400635965.0,2025
ABCD,2025,9400635966,15500020,91150195,,ABC001,INR,-761.97,INR,-761.97,2025-04-02 00:00:00+00:00,2025-04-02 00:00:00+00:00,RV,1,,2025-07-24 11:43:59+00:00,320000083,D,2025-04-02 00:00:00+00:00,9400635966.0,2025
ABCD,2025,9400635967,15500020,91150196,,ABC001,INR,-636.0,INR,-636.0,2025-04-02 00:00:00+00:00,2025-04-02 00:00:00+00:00,RV,1,,2025-07-24 11:43:59+00:00,320000083,D,2025-04-02 00:00:00+00:00,9400635967.0,2025
ABCD,2025,9400635968,15500020,91150197,,ABC001,INR,-765.0,INR,-765.0,2025-04-02 00:00:00+00:00,2025-04-02 00:00:00+00:00,RV,1,,2025-07-24 11:43:59+00:00,320000083,D,2025-04-02 00:00:00+00:00,9400635968.0,2025
ABCD,2025,9400635969,15500020,91150198,,ABC001,INR,-897.03,INR,-897.03,2025-04-02 00:00:00+00:00,2025-04-02 00:00:00+00:00,RV,1,,2025-07-24 11:43:59+00:00,320000083,D,2025-04-02 00:00:00+00:00,9400635969.0,2025
ABCD,2025,9400635970,15500020,91150199,,ABC001,INR,-1590.3,INR,-1590.3,2025-04-02 00:00:00+00:00,2025-04-02 00:00:00+00:00,RV,1,,2025-07-24 11:43:59+00:00,320000083,D,2025-04-02 00:00:00+00:00,9400635970.0,2025
ABCD,2025,9400635971,15500020,91150200,,ABC001,INR,-657.0,INR,-657.0,2025-04-02 00:00:00+00:00,2025-04-02 00:00:00+00:00,RV,1,,2025-07-24 11:43:59+00:00,320000083,D,2025-04-02 00:00:00+00:00,9400635971.0,2025
ABCD,2025,9400635972,15500020,91150201,,ABC001,INR,-761.97,INR,-761.97,2025-04-02 00:00:00+00:00,2025-04-02 00:00:00+00:00,RV,1,,2025-07-24 11:43:59+00:00,320000083,D,2025-04-02 00:00:00+00:00,9400635972.0,2025
ABCD,2025,9400635973,15500020,91150202,,ABC001,INR,-897.0,INR,-897.0,2025-04-02 00:00:00+00:00,2025-04-02 00:00:00+00:00,RV,1,,2025-07-24 11:43:59+00:00,320000083,D,2025-04-02 00:00:00+00:00,9400635973.0,2025
ABCD,2025,9400635974,15500020,91150203,,ABC001,INR,-1287.0,INR,-1287.0,2025-04-02 00:00:00+00:00,2025-04-02 00:00:00+00:00,RV,1,,2025-07-24 11:43:59+00:00,320000083,D,2025-04-02 00:00:00+00:00,9400635974.0,2025
ABCD,2025,9400635975,15500020,91150204,,ABC001,INR,-1167.0,INR,-1167.0,2025-04-02 00:00:00+00:00,2025-04-02 00:00:00+00:00,RV,1,,2025-07-24 11:43:59+00:00,320000083,D,2025-04-02 00:00:00+00:00,9400635975.0,2025
ABCD,2025,9400635976,15500020,91150205,,ABC001,INR,-1287.0,INR,-1287.0,2025-04-02 00:00:00+00:00,2025-04-02 00:00:00+00:00,RV,1,,2025-07-24 11:43:59+00:00,320000083,D,2025-04-02 00:00:00+00:00,9400635976.0,2025
ABCD,2025,9400635977,15500020,91150206,,ABC001,INR,-897.03,INR,-897.03,2025-04-02 00:00:00+00:00,2025-04-02 00:00:00+00:00,RV,1,,2025-07-24 11:43:59+00:00,320000083,D,2025-04-02 00:00:00+00:00,9400635977.0,2025
ABCD,2025,9400635978,15500020,91150207,,ABC001,INR,-1167.0,INR,-1167.0,2025-04-02 00:00:00+00:00,2025-04-02 00:00:00+00:00,RV,1,,2025-07-24 11:43:59+00:00,320000083,D,2025-04-02 00:00:00+00:00,9400635978.0,2025
ABCD,2025,9400635979,15500020,91150208,,ABC001,INR,-1287.0,INR,-1287.0,2025-04-02 00:00:00+00:00,2025-04-02 00:00:00+00:00,RV,1,,2025-07-24 11:43:59+00:00,320000083,D,2025-04-02 00:00:00+00:00,9400635979.0,2025
ABCD,2025,9400635980,15500020,91150209,,ABC001,INR,-1287.0,INR,-1287.0,2025-04-02 00:00:00+00:00,2025-04-02 00:00:00+00:00,RV,1,,2025-07-24 11:43:59+00:00,320000083,D,2025-04-02 00:00:00+00:00,9400635980.0,2025
ABCD,2025,9400635981,15500020,91150210,,ABC001,INR,-966.0,INR,-966.0,2025-04-02 00:00:00+00:00,2025-04-02 00:00:00+00:00,RV,1,,2025-07-24 11:43:59+00:00,320000083,D,2025-04-02 00:00:00+00:00,9400635981.0,2025
ABCD,2025,9400635982,15500020,91150211,,ABC001,INR,-1287.0,INR,-1287.0,2025-04-02 00:00:00+00:00,2025-04-02 00:00:00+00:00,RV,1,,2025-07-24 11:43:59+00:00,320000083,D,2025-04-02 00:00:00+00:00,9400635982.0,2025
ABCD,2025,9400635983,15500020,91150212,,ABC001,INR,-1287.0,INR,-1287.0,2025-04-02 00:00:00+00:00,2025-04-02 00:00:00+00:00,RV,1,,2025-07-24 11:43:59+00:00,320000083,D,2025-04-02 00:00:00+00:00,9400635983.0,2025
ABCD,2025,9400635984,15500020,91150213,,ABC001,INR,-1287.0,INR,-1287.0,2025-04-02 00:00:00+00:00,2025-04-02 00:00:00+00:00,RV,1,,2025-07-24 11:43:59+00:00,320000083,D,2025-04-02 00:00:00+00:00,9400635984.0,2025
ABCD,2025,9400635985,15500020,91150214,,ABC001,INR,-882.0,INR,-882.0,2025-04-02 00:00:00+00:00,2025-04-02 00:00:00+00:00,RV,1,,2025-07-24 11:43:59+00:00,320000083,D,2025-04-02 00:00:00+00:00,9400635985.0,2025
